Date,Value
01/01/2017,0.001523
02/01/2017,0.001083
03/01/2017,0.04198
04/01/2017,0.02491
05/01/2017,0.003138
06/01/2017,0.0006032
07/01/2017,0.0004082
08/01/2017,0.0003441
09/01/2017,0.0001842
10/01/2017,0.0001522
11/01/2017,0.03044
12/01/2017,0.1074
13/01/2017,0.02345
14/01/2017,0.02323
15/01/2017,0.002085
16/01/2017,0.0008435
17/01/2017,0.009259
18/01/2017,0.001144
19/01/2017,0.0009036
20/01/2017,0.0008373
21/01/2017,0.001025
22/01/2017,0.0008711
23/01/2017,0.000701
24/01/2017,0.0005806
25/01/2017,0.0009323
26/01/2017,0.0003609
27/01/2017,0.0002397
28/01/2017,0.0001683
29/01/2017,0.0001167
30/01/2017,7.98E-05
31/01/2017,5.392E-05
01/02/2017,3.605E-05
02/02/2017,2.39E-05
03/02/2017,1.595E-05
04/02/2017,1.048E-05
05/02/2017,9.298E-06
06/02/2017,0.0001349
07/02/2017,0.05059
08/02/2017,0.02288
09/02/2017,0.01947
10/02/2017,0.006635
11/02/2017,0.02802
12/02/2017,0.03227
13/02/2017,0.006509
14/02/2017,0.003341
15/02/2017,0.002072
16/02/2017,0.001298
17/02/2017,0.0008218
18/02/2017,0.000524
19/02/2017,0.000332
20/02/2017,0.0002118
21/02/2017,0.0001552
22/02/2017,0.0001025
23/02/2017,6.597E-05
24/02/2017,5.234E-05
25/02/2017,4.354E-05
26/02/2017,2.792E-05
27/02/2017,1.759E-05
28/02/2017,1.105E-05
01/03/2017,9.272E-06
02/03/2017,5.859E-06
03/03/2017,3.71E-06
04/03/2017,2.442E-06
05/03/2017,1.559E-06
06/03/2017,0.000111
07/03/2017,1.016E-05
08/03/2017,1.656E-06
09/03/2017,7.299E-07
10/03/2017,4.83E-07
11/03/2017,3.874E-07
12/03/2017,3.088E-07
13/03/2017,1.41E-06
14/03/2017,2.401E-06
15/03/2017,3.17E-06
16/03/2017,2.03E-06
17/03/2017,0.01873
18/03/2017,0.008846
19/03/2017,0.02508
20/03/2017,0.02188
21/03/2017,0.01462
22/03/2017,0.003487
23/03/2017,0.001828
24/03/2017,0.001257
25/03/2017,0.01492
26/03/2017,0.002893
27/03/2017,0.0005599
28/03/2017,0.0003316
29/03/2017,0.0002123
30/03/2017,0.0001656
31/03/2017,0.000138
01/04/2017,0.002339
02/04/2017,0.0001594
03/04/2017,4.42E-05
04/04/2017,0.001222
05/04/2017,7.768E-05
06/04/2017,0.02904
07/04/2017,0.001042
08/04/2017,3.291E-05
09/04/2017,5.183E-06
10/04/2017,2.547E-06
11/04/2017,0.003103
12/04/2017,0.0005368
13/04/2017,2.584E-05
14/04/2017,1.806E-06
15/04/2017,1.409E-06
16/04/2017,1.548E-06
17/04/2017,8.587E-07
18/04/2017,4.662E-07
19/04/2017,1.102E-06
20/04/2017,0.003025
21/04/2017,0.0001537
22/04/2017,0.001409
23/04/2017,6.225E-05
24/04/2017,2.542E-06
25/04/2017,9.979E-07
26/04/2017,4.922E-07
27/04/2017,2.502E-07
28/04/2017,8.358E-07
29/04/2017,4.455E-07
30/04/2017,9.199E-07
01/05/2017,1.351E-06
02/05/2017,9.871E-07
03/05/2017,0.0005101
04/05/2017,2.84E-05
05/05/2017,0.001943
06/05/2017,0.004533
07/05/2017,0.002014
08/05/2017,8.158E-05
09/05/2017,2.968E-06
10/05/2017,2.171E-07
11/05/2017,3.141E-09
12/05/2017,4.634E-11
13/05/2017,6.943E-13
14/05/2017,1.052E-14
15/05/2017,1.618E-16
16/05/2017,5.814E-07
17/05/2017,3.121E-07
18/05/2017,7.471E-07
19/05/2017,4.159E-07
20/05/2017,2.142E-07
21/05/2017,7.929E-07
22/05/2017,4.353E-07
23/05/2017,2.292E-07
24/05/2017,7.447E-07
25/05/2017,0.02878
26/05/2017,0.02581
27/05/2017,0.003951
28/05/2017,0.001623
29/05/2017,0.0008836
30/05/2017,0.0005407
31/05/2017,0.0005223
01/06/2017,0.0001674
02/06/2017,8.327E-05
03/06/2017,4.458E-05
04/06/2017,3.156E-05
05/06/2017,2.017E-05
06/06/2017,1.12E-05
07/06/2017,6.243E-06
08/06/2017,3.501E-06
09/06/2017,1.977E-06
10/06/2017,1.13E-06
11/06/2017,6.526E-07
12/06/2017,3.785E-07
13/06/2017,2.224E-07
14/06/2017,1.32E-07
15/06/2017,7.84E-07
16/06/2017,0.001495
17/06/2017,6.956E-05
18/06/2017,0.004324
19/06/2017,0.00139
20/06/2017,7.84E-05
21/06/2017,5.168E-06
22/06/2017,8.528E-07
23/06/2017,1.133E-06
24/06/2017,9.461E-07
25/06/2017,6.004E-07
26/06/2017,3.785E-07
27/06/2017,1.113E-06
28/06/2017,7.457E-07
29/06/2017,1.294E-06
30/06/2017,1.745E-06
01/07/2017,0.01759
02/07/2017,0.0007331
03/07/2017,4.29E-05
04/07/2017,3.199E-06
05/07/2017,0.0001662
06/07/2017,1.767E-05
07/07/2017,2.405E-06
08/07/2017,1.727E-06
09/07/2017,1.146E-06
10/07/2017,8.117E-07
11/07/2017,5.78E-07
12/07/2017,6.294E-05
13/07/2017,0.03314
14/07/2017,0.004775
15/07/2017,0.0002424
16/07/2017,1.205E-05
17/07/2017,1.062E-06
18/07/2017,4.039E-07
19/07/2017,0.0001604
20/07/2017,1.587E-05
21/07/2017,1.586E-06
22/07/2017,9.112E-07
23/07/2017,1.536E-06
24/07/2017,2.171E-06
25/07/2017,1.684E-06
26/07/2017,1.291E-06
27/07/2017,1.918E-06
28/07/2017,1.522E-06
29/07/2017,1.176E-06
30/07/2017,9.194E-07
31/07/2017,7.125E-07
01/08/2017,5.605E-07
02/08/2017,4.479E-07
03/08/2017,3.638E-07
04/08/2017,1.18E-06
05/08/2017,2.081E-06
06/08/2017,1.662E-06
07/08/2017,1.435E-06
08/08/2017,1.146E-06
09/08/2017,8.868E-07
10/08/2017,6.985E-07
11/08/2017,6.253E-07
12/08/2017,5.588E-07
13/08/2017,4.327E-07
14/08/2017,3.396E-07
15/08/2017,0.006055
16/08/2017,0.0003927
17/08/2017,2.21E-05
18/08/2017,2.327E-06
19/08/2017,6.485E-07
20/08/2017,4.686E-07
21/08/2017,4.019E-07
22/08/2017,0.0007141
23/08/2017,0.0003115
24/08/2017,2.944E-05
25/08/2017,3.27E-06
26/08/2017,2.886E-07
27/08/2017,4.254E-08
28/08/2017,1.031E-08
29/08/2017,6.053E-10
30/08/2017,3.555E-11
31/08/2017,1.998E-12
01/09/2017,1.078E-13
02/09/2017,0
03/09/2017,1.077E-08
04/09/2017,3.738E-09
05/09/2017,3.953E-10
06/09/2017,0.0001052
07/09/2017,1.227E-05
08/09/2017,1.199E-06
09/09/2017,1.527E-07
10/09/2017,3.202E-08
11/09/2017,1.193E-08
12/09/2017,8.683E-09
13/09/2017,5.413E-09
14/09/2017,2.838E-09
15/09/2017,0
16/09/2017,0
17/09/2017,0
18/09/2017,0
19/09/2017,0
20/09/2017,0
21/09/2017,0
22/09/2017,0
23/09/2017,0
24/09/2017,0
25/09/2017,0
26/09/2017,0
27/09/2017,0
28/09/2017,0
29/09/2017,0
30/09/2017,0
01/10/2017,0
02/10/2017,0
03/10/2017,0
04/10/2017,0
05/10/2017,0
06/10/2017,0
07/10/2017,5.803E-09
08/10/2017,1.155E-08
09/10/2017,0.003867
10/10/2017,0.0003096
11/10/2017,0.01398
12/10/2017,0.0008659
13/10/2017,3.689E-05
14/10/2017,2.255E-06
15/10/2017,1.646E-07
16/10/2017,1.949E-08
17/10/2017,9.863E-09
18/10/2017,1.14E-08
19/10/2017,1.468E-08
20/10/2017,1.991E-08
21/10/2017,2.576E-08
22/10/2017,3.15E-08
23/10/2017,3.708E-08
24/10/2017,2.915E-08
25/10/2017,3.697E-08
26/10/2017,4.799E-08
27/10/2017,5.707E-08
28/10/2017,7.172E-08
29/10/2017,0.0582
30/10/2017,0.03249
31/10/2017,0.001138
01/11/2017,5.938E-05
02/11/2017,0.01504
03/11/2017,0.02028
04/11/2017,0.001071
05/11/2017,0.282
06/11/2017,0.007711
07/11/2017,0.001892
08/11/2017,0.0001162
09/11/2017,7.528E-06
10/11/2017,1.728E-06
11/11/2017,1.198E-06
12/11/2017,9.419E-07
13/11/2017,7.377E-07
14/11/2017,5.695E-07
15/11/2017,7.505E-07
16/11/2017,5.784E-07
17/11/2017,4.312E-07
18/11/2017,1.559E-06
19/11/2017,2.61E-06
20/11/2017,1.931E-06
21/11/2017,1.4E-06
22/11/2017,2.407E-06
23/11/2017,3.358E-06
24/11/2017,2.45E-06
25/11/2017,1.727E-06
26/11/2017,1.216E-06
27/11/2017,8.581E-07
28/11/2017,6.009E-07
29/11/2017,4.237E-07
30/11/2017,3.595E-07
01/12/2017,2.552E-07
02/12/2017,1.793E-07
03/12/2017,1.259E-07
04/12/2017,8.879E-08
05/12/2017,0.0001949
06/12/2017,1.619E-05
07/12/2017,1.605E-06
08/12/2017,5.118E-07
09/12/2017,3.176E-07
10/12/2017,2.191E-07
11/12/2017,1.537E-07
12/12/2017,1.55E-06
13/12/2017,1.154E-06
14/12/2017,1.275E-06
15/12/2017,2.156E-06
16/12/2017,3.291E-06
17/12/2017,4.22E-06
18/12/2017,0.03627
19/12/2017,0.03188
20/12/2017,0.006261
21/12/2017,0.003678
22/12/2017,0.002763
23/12/2017,0.002147
24/12/2017,0.001651
25/12/2017,0.001208
26/12/2017,0.0008867
27/12/2017,0.0006542
28/12/2017,0.000486
29/12/2017,0.0003618
30/12/2017,0.0002707
31/12/2017,0.0002037
01/01/2018,0.000154
02/01/2018,0.0001171
03/01/2018,9.632E-05
04/01/2018,8.252E-05
05/01/2018,6.403E-05
06/01/2018,4.943E-05
07/01/2018,3.867E-05
08/01/2018,0.0001439
09/01/2018,3.657E-05
10/01/2018,0.04944
11/01/2018,0.03903
12/01/2018,0.04223
13/01/2018,0.07031
14/01/2018,0.006698
15/01/2018,0.00289
16/01/2018,0.003204
17/01/2018,0.001852
18/01/2018,0.001459
19/01/2018,0.001188
20/01/2018,0.0009719
21/01/2018,0.0008176
22/01/2018,0.06036
23/01/2018,0.0738
24/01/2018,0.06334
25/01/2018,0.005948
26/01/2018,0.001297
27/01/2018,0.0009239
28/01/2018,0.0007757
29/01/2018,0.0006562
30/01/2018,0.0003221
31/01/2018,0.0002648
01/02/2018,0.04119
02/02/2018,0.07083
03/02/2018,0.00737
04/02/2018,0.004324
05/02/2018,0.001452
06/02/2018,0.001141
07/02/2018,3.663E-05
08/02/2018,1.19E-06
09/02/2018,3.908E-08
10/02/2018,1.275E-09
11/02/2018,0.06314
12/02/2018,0.06433
13/02/2018,0.008055
14/02/2018,0.000388
15/02/2018,0.02101
16/02/2018,0.04088
17/02/2018,0.05302
18/02/2018,0.002678
19/02/2018,0.04178
20/02/2018,0.05239
21/02/2018,0.00717
22/02/2018,0.003639
23/02/2018,0.002989
24/02/2018,0.002257
25/02/2018,0.01048
26/02/2018,0.001624
27/02/2018,0.0008323
28/02/2018,0.0006346
01/03/2018,0.000508
02/03/2018,0.0003969
03/03/2018,0.0002586
04/03/2018,0.0001634
05/03/2018,0.0001018
06/03/2018,0.03695
07/03/2018,0.03773
08/03/2018,0.007974
09/03/2018,0.004388
10/03/2018,0.002597
11/03/2018,0.00154
12/03/2018,0.0009408
13/03/2018,0.0005571
14/03/2018,0.0003985
15/03/2018,0.0002818
16/03/2018,0.0001691
17/03/2018,9.962E-05
18/03/2018,5.881E-05
19/03/2018,3.512E-05
20/03/2018,0.0002931
21/03/2018,3.019E-05
22/03/2018,9.187E-06
23/03/2018,5.101E-06
24/03/2018,3.059E-06
25/03/2018,1.86E-06
26/03/2018,1.14E-06
27/03/2018,0.07597
28/03/2018,0.05999
29/03/2018,0.05129
30/03/2018,0.01754
31/03/2018,0.009717
01/04/2018,0.005829
02/04/2018,0.003523
03/04/2018,0.002118
04/04/2018,0.001555
05/04/2018,0.0009218
06/04/2018,0.0005411
07/04/2018,0.0003276
08/04/2018,0.0001915
09/04/2018,0.0001111
10/04/2018,6.44E-05
11/04/2018,3.733E-05
12/04/2018,2.794E-05
13/04/2018,1.662E-05
14/04/2018,9.801E-06
15/04/2018,8.179E-06
16/04/2018,0.04311
17/04/2018,0.001692
18/04/2018,5.942E-05
19/04/2018,4.172E-06
20/04/2018,1.306E-06
21/04/2018,6.88E-07
22/04/2018,3.799E-07
23/04/2018,2.108E-07
24/04/2018,8.883E-07
25/04/2018,1.473E-06
26/04/2018,8.348E-07
27/04/2018,4.579E-07
28/04/2018,1.213E-06
29/04/2018,7.022E-07
30/04/2018,3.884E-07
01/05/2018,2.162E-07
02/05/2018,1.214E-07
03/05/2018,7.22E-07
04/05/2018,1.217E-06
05/05/2018,7.154E-07
06/05/2018,4.083E-07
07/05/2018,2.336E-07
08/05/2018,1.349E-07
09/05/2018,2.829E-09
10/05/2018,0.000289
11/05/2018,2.104E-05
12/05/2018,2.465E-06
13/05/2018,8.463E-07
14/05/2018,4.71E-07
15/05/2018,1.106E-06
16/05/2018,7.051E-07
17/05/2018,4.341E-07
18/05/2018,2.69E-07
19/05/2018,9.829E-07
20/05/2018,1.59E-06
21/05/2018,1.042E-06
22/05/2018,1.57E-06
23/05/2018,1.034E-06
24/05/2018,6.679E-07
25/05/2018,4.349E-07
26/05/2018,2.855E-07
27/05/2018,1.885E-07
28/05/2018,1.259E-07
29/05/2018,8.525E-08
30/05/2018,2.185E-09
31/05/2018,5.639E-11
01/06/2018,1.463E-12
02/06/2018,3.783E-14
03/06/2018,8.51E-07
04/06/2018,6.334E-07
05/06/2018,4.453E-07
06/06/2018,3.139E-07
07/06/2018,2.264E-07
08/06/2018,1.618E-07
09/06/2018,1.176E-07
10/06/2018,8.701E-08
11/06/2018,6.366E-08
12/06/2018,4.778E-08
13/06/2018,8.255E-07
14/06/2018,6.217E-07
15/06/2018,4.575E-07
16/06/2018,3.176E-07
17/06/2018,2.477E-07
18/06/2018,9.182E-07
19/06/2018,7.724E-07
20/06/2018,6.051E-07
21/06/2018,4.204E-07
22/06/2018,7.567E-07
23/06/2018,1.651E-06
24/06/2018,2.646E-06
25/06/2018,1.886E-06
26/06/2018,1.332E-06
27/06/2018,0.0007362
28/06/2018,0.000955
29/06/2018,6.782E-05
30/06/2018,5.911E-06
01/07/2018,1.368E-06
02/07/2018,8.711E-07
03/07/2018,5.91E-07
04/07/2018,3.727E-07
05/07/2018,8.347E-07
06/07/2018,7.146E-07
07/07/2018,5.96E-07
08/07/2018,5.023E-07
09/07/2018,4.246E-07
10/07/2018,3.374E-07
11/07/2018,2.894E-07
12/07/2018,2.499E-07
13/07/2018,6.363E-09
14/07/2018,3.291E-07
15/07/2018,1.135E-07
16/07/2018,7.126E-08
17/07/2018,0.003449
18/07/2018,0.0002023
19/07/2018,1.53E-05
20/07/2018,1.915E-06
21/07/2018,0
22/07/2018,0.001702
23/07/2018,0.0008262
24/07/2018,6.714E-05
25/07/2018,0.004577
26/07/2018,0.0002347
27/07/2018,1.249E-05
28/07/2018,8.713E-07
29/07/2018,9.18E-08
30/07/2018,2.089E-08
31/07/2018,9.808E-09
01/08/2018,1.028E-08
02/08/2018,0
03/08/2018,0
04/08/2018,0
05/08/2018,0
06/08/2018,0
07/08/2018,0
08/08/2018,1.172E-08
09/08/2018,0
10/08/2018,0
11/08/2018,0
12/08/2018,0
13/08/2018,9.54E-09
14/08/2018,3.675E-09
15/08/2018,5.946E-09
16/08/2018,8.882E-09
17/08/2018,1.002E-09
18/08/2018,0.002694
19/08/2018,0.0005067
20/08/2018,4.062E-05
21/08/2018,3.834E-06
22/08/2018,2.64E-07
23/08/2018,2.239E-08
24/08/2018,1.032E-08
25/08/2018,1.183E-08
26/08/2018,1.102E-08
27/08/2018,5.449E-09
28/08/2018,2.722E-09
29/08/2018,1.552E-08
30/08/2018,2.993E-08
31/08/2018,0
01/09/2018,0
02/09/2018,0
03/09/2018,0
04/09/2018,0
05/09/2018,0
06/09/2018,0
07/09/2018,0
08/09/2018,0
09/09/2018,9.385E-09
10/09/2018,0.06495
11/09/2018,0.05265
12/09/2018,0.004242
13/09/2018,0.0002576
14/09/2018,1.848E-05
15/09/2018,1.584E-06
16/09/2018,1.604E-07
17/09/2018,2.753E-08
18/09/2018,1.81E-08
19/09/2018,2.355E-08
20/09/2018,2.959E-08
21/09/2018,3.897E-08
22/09/2018,4.089E-08
23/09/2018,4.861E-08
24/09/2018,4.929E-08
25/09/2018,3.664E-08
26/09/2018,1.353E-08
27/09/2018,9.705E-09
28/09/2018,5.987E-09
29/09/2018,7.564E-09
30/09/2018,1.159E-08
01/10/2018,1.632E-08
02/10/2018,0.0111
03/10/2018,0.0006176
04/10/2018,3.129E-05
05/10/2018,1.447E-06
06/10/2018,0.02522
07/10/2018,0.003633
08/10/2018,0.0001808
09/10/2018,9.218E-06
10/10/2018,4.854E-07
11/10/2018,5.997E-07
12/10/2018,5.496E-07
13/10/2018,1.236E-06
14/10/2018,1.153E-06
15/10/2018,1.031E-06
16/10/2018,9.222E-07
17/10/2018,8.206E-07
18/10/2018,7.26E-07
19/10/2018,6.415E-07
20/10/2018,1.867E-06
21/10/2018,2.714E-06
22/10/2018,1.824E-06
23/10/2018,1.552E-06
24/10/2018,1.354E-06
25/10/2018,1.186E-06
26/10/2018,1.036E-06
27/10/2018,0.004206
28/10/2018,0.0002474
29/10/2018,1.425E-05
30/10/2018,2.758E-06
31/10/2018,0.0002503
01/11/2018,0.007792
02/11/2018,0.0004393
03/11/2018,2.15E-05
04/11/2018,4.331E-06
05/11/2018,4.484E-06
06/11/2018,5.534E-06
07/11/2018,4.348E-06
08/11/2018,3.297E-06
09/11/2018,4.197E-06
10/11/2018,3.123E-06
11/11/2018,2.241E-06
12/11/2018,2.15E-06
13/11/2018,3.009E-06
14/11/2018,2.135E-06
15/11/2018,3.01E-06
16/11/2018,3.713E-06
17/11/2018,0.03889
18/11/2018,0.05917
19/11/2018,0.01025
20/11/2018,0.005354
21/11/2018,0.003477
22/11/2018,0.002289
23/11/2018,0.001498
24/11/2018,0.04331
25/11/2018,0.01953
26/11/2018,0.006704
27/11/2018,0.003033
28/11/2018,0.001955
29/11/2018,0.001615
30/11/2018,0.0009448
01/12/2018,0.0006127
02/12/2018,0.01161
03/12/2018,0.0008884
04/12/2018,0.0002349
05/12/2018,0.0001602
06/12/2018,0.0001129
07/12/2018,7.19E-05
08/12/2018,4.722E-05
09/12/2018,2.987E-05
10/12/2018,1.897E-05
11/12/2018,1.212E-05
12/12/2018,1.028E-05
13/12/2018,8.722E-05
14/12/2018,4.185E-05
15/12/2018,3.132E-05
16/12/2018,0.08832
17/12/2018,0.06606
18/12/2018,0.05069
19/12/2018,0.01395
20/12/2018,0.009515
21/12/2018,0.1427
22/12/2018,0.06536
23/12/2018,0.0586
24/12/2018,0.01362
25/12/2018,0.007717
26/12/2018,0.004906
27/12/2018,0.003186
28/12/2018,0.002492
29/12/2018,0.001577
30/12/2018,0.0009902
31/12/2018,0.001645
01/01/2019,0.03745
02/01/2019,0.06877
03/01/2019,0.023
04/01/2019,0.00275
05/01/2019,0.001082
06/01/2019,0.0006334
07/01/2019,0.0004425
08/01/2019,0.0598
09/01/2019,0.04318
10/01/2019,0.03474
11/01/2019,0.009548
12/01/2019,0.005381
13/01/2019,0.00347
14/01/2019,0.002144
15/01/2019,0.001325
16/01/2019,0.0008238
17/01/2019,0.0005864
18/01/2019,0.0004067
19/01/2019,0.0002995
20/01/2019,0.0002252
21/01/2019,0.0001474
22/01/2019,0.0001038
23/01/2019,0.04749
24/01/2019,0.06159
25/01/2019,0.06356
26/01/2019,0.02989
27/01/2019,0.01018
28/01/2019,0.006305
29/01/2019,0.004456
30/01/2019,0.002998
31/01/2019,0.001986
01/02/2019,0.001449
02/02/2019,0.0009783
03/02/2019,0.04811
04/02/2019,0.0653
05/02/2019,0.01154
06/02/2019,0.005403
07/02/2019,0.00954
08/02/2019,0.0513
09/02/2019,0.07038
10/02/2019,0.009045
11/02/2019,0.003299
12/02/2019,0.002256
13/02/2019,0.001613
14/02/2019,0.04317
15/02/2019,0.0117
16/02/2019,0.001358
17/02/2019,0.0003645
18/02/2019,0.0002404
19/02/2019,0.0001789
20/02/2019,0.0001427
21/02/2019,0.04372
22/02/2019,0.05612
23/02/2019,0.01306
24/02/2019,0.08214
25/02/2019,0.07082
26/02/2019,0.007988
27/02/2019,0.003283
28/02/2019,0.002447
01/03/2019,0.001954
02/03/2019,0.001569
03/03/2019,0.001234
04/03/2019,0.0009675
05/03/2019,0.000762
06/03/2019,0.000601
07/03/2019,0.0004732
08/03/2019,0.0003942
09/03/2019,0.000313
10/03/2019,0.08021
11/03/2019,0.04664
12/03/2019,0.03622
13/03/2019,0.05662
14/03/2019,0.02486
15/03/2019,0.006846
16/03/2019,0.004256
17/03/2019,0.00285
18/03/2019,0.001856
19/03/2019,0.001168
20/03/2019,0.0007196
21/03/2019,0.0004675
22/03/2019,0.0002794
23/03/2019,0.000163
24/03/2019,9.479E-05
25/03/2019,5.429E-05
26/03/2019,3.091E-05
27/03/2019,0.000165
28/03/2019,1.998E-05
29/03/2019,6.731E-06
30/03/2019,3.632E-06
31/03/2019,3.552E-06
01/04/2019,2.06E-06
02/04/2019,1.133E-06
03/04/2019,6.176E-07
04/04/2019,3.505E-07
05/04/2019,7.709E-07
06/04/2019,4.398E-07
07/04/2019,2.414E-07
08/04/2019,1.969E-07
09/04/2019,1.101E-07
10/04/2019,2.12E-09
11/04/2019,4.155E-11
12/04/2019,7.822E-07
13/04/2019,4.643E-07
14/04/2019,6.585E-05
15/04/2019,6.963E-06
16/04/2019,2.568E-06
17/04/2019,1.368E-06
18/04/2019,8.82E-07
19/04/2019,1.44E-06
20/04/2019,1.995E-06
21/04/2019,1.198E-06
22/04/2019,6.734E-07
23/04/2019,1.238E-06
24/04/2019,7.298E-07
25/04/2019,4.157E-07
26/04/2019,1.102E-06
27/04/2019,6.592E-07
28/04/2019,3.807E-07
29/04/2019,1.245E-06
30/04/2019,1.858E-06
01/05/2019,2.188E-06
02/05/2019,2.471E-06
03/05/2019,2.672E-06
04/05/2019,1.612E-06
05/05/2019,9.46E-07
06/05/2019,5.506E-07
07/05/2019,1.254E-06
08/05/2019,7.909E-07
09/05/2019,4.822E-07
10/05/2019,0.006808
11/05/2019,0.0003375
12/05/2019,1.68E-05
13/05/2019,0.0006647
14/05/2019,3.766E-05
15/05/2019,2.28E-06
16/05/2019,4.955E-07
17/05/2019,2.575E-07
18/05/2019,1.51E-07
19/05/2019,9.047E-08
20/05/2019,8.323E-07
21/05/2019,5.284E-07
22/05/2019,3.149E-07
23/05/2019,9.372E-07
24/05/2019,5.894E-07
25/05/2019,3.612E-07
26/05/2019,2.193E-07
27/05/2019,1.325E-07
28/05/2019,9.015E-07
29/05/2019,6.189E-07
30/05/2019,3.887E-07
31/05/2019,2.402E-07
01/06/2019,9.044E-07
02/06/2019,1.566E-06
03/06/2019,1.013E-06
04/06/2019,6.542E-07
05/06/2019,8.394E-07
06/06/2019,5.548E-07
07/06/2019,3.573E-07
08/06/2019,2.354E-07
09/06/2019,1.578E-07
10/06/2019,1.049E-07
11/06/2019,9.094E-07
12/06/2019,6.038E-07
13/06/2019,1.364E-06
14/06/2019,9.928E-07
15/06/2019,1.155E-06
16/06/2019,1.882E-06
17/06/2019,1.341E-06
18/06/2019,9.39E-07
19/06/2019,0.001752
20/06/2019,0.03375
21/06/2019,0.02104
22/06/2019,0.00694
23/06/2019,0.004565
24/06/2019,0.003236
25/06/2019,0.002509
26/06/2019,0.001772
27/06/2019,0.00128
28/06/2019,0.0009295
29/06/2019,0.0006827
30/06/2019,0.0004977
01/07/2019,0.0003637
02/07/2019,0.0002732
03/07/2019,0.0002018
04/07/2019,0.0001517
05/07/2019,0.000121
06/07/2019,0.002304
07/07/2019,0.0002357
08/07/2019,0.0001641
09/07/2019,5.572E-05
10/07/2019,3.58E-05
11/07/2019,2.729E-05
12/07/2019,2.132E-05
13/07/2019,1.658E-05
14/07/2019,1.293E-05
15/07/2019,1.026E-05
16/07/2019,9.9E-06
17/07/2019,9.428E-06
18/07/2019,7.384E-06
19/07/2019,6.093E-06
20/07/2019,4.836E-06
21/07/2019,3.42E-06
22/07/2019,4.42E-06
23/07/2019,3.634E-06
24/07/2019,2.765E-06
25/07/2019,1.996E-06
26/07/2019,1.656E-06
27/07/2019,1.39E-06
28/07/2019,1.176E-06
29/07/2019,9.941E-07
30/07/2019,1.908E-06
31/07/2019,6.99E-07
01/08/2019,5.433E-07
02/08/2019,9.915E-08
03/08/2019,4.011E-08
04/08/2019,5.728E-07
05/08/2019,5.598E-07
06/08/2019,4.881E-07
07/08/2019,9.461E-07
08/08/2019,1.396E-06
09/08/2019,1.248E-06
10/08/2019,7.956E-08
11/08/2019,5.01E-09
12/08/2019,2.876E-10
13/08/2019,1.662E-11
14/08/2019,9.77E-13
15/08/2019,4.459E-09
16/08/2019,0
17/08/2019,7.545E-09
18/08/2019,8.556E-09
19/08/2019,2.124E-09
20/08/2019,1.379E-09
21/08/2019,1.396E-10
22/08/2019,7.232E-09
23/08/2019,0
24/08/2019,0
25/08/2019,1.468E-09
26/08/2019,0
27/08/2019,0
28/08/2019,0
29/08/2019,0
30/08/2019,0
31/08/2019,0
01/09/2019,0
02/09/2019,6.856E-09
03/09/2019,0
04/09/2019,0
05/09/2019,0
06/09/2019,0
07/09/2019,0
08/09/2019,0
09/09/2019,0
10/09/2019,0
11/09/2019,3.543E-09
12/09/2019,4.104E-09
13/09/2019,0
14/09/2019,2.855E-09
15/09/2019,0
16/09/2019,0
17/09/2019,0
18/09/2019,0
19/09/2019,0
20/09/2019,0
21/09/2019,0
22/09/2019,0
23/09/2019,0
24/09/2019,0
25/09/2019,0
26/09/2019,0
27/09/2019,0
28/09/2019,0
29/09/2019,0
30/09/2019,0
01/10/2019,0
02/10/2019,0
03/10/2019,3.627E-08
04/10/2019,2.589E-08
05/10/2019,0
06/10/2019,0
07/10/2019,0.002265
08/10/2019,0.0001623
09/10/2019,1.613E-05
10/10/2019,0
11/10/2019,0
12/10/2019,0
13/10/2019,0
14/10/2019,0
15/10/2019,0
16/10/2019,6.107E-09
17/10/2019,0
18/10/2019,0
19/10/2019,0
20/10/2019,0
21/10/2019,0
22/10/2019,8.948E-09
23/10/2019,0
24/10/2019,0
25/10/2019,0
26/10/2019,0
27/10/2019,3.541E-09
28/10/2019,1.199E-09
29/10/2019,0
30/10/2019,0
31/10/2019,0.05156
01/11/2019,0.06824
02/11/2019,0.0041
03/11/2019,0.0002173
04/11/2019,1.625E-05
05/11/2019,1.413E-06
06/11/2019,1.88E-07
07/11/2019,4.212E-08
08/11/2019,1.53E-08
09/11/2019,0
10/11/2019,0
11/11/2019,0
12/11/2019,5.085E-08
13/11/2019,1.064E-07
14/11/2019,8.563E-08
15/11/2019,6.682E-08
16/11/2019,7.984E-08
17/11/2019,1.046E-07
18/11/2019,0.04298
19/11/2019,0.06822
20/11/2019,0.005293
21/11/2019,0.002302
22/11/2019,0.0003451
23/11/2019,6.931E-05
24/11/2019,1.526E-05
25/11/2019,0
26/11/2019,0
27/11/2019,4.311E-09
28/11/2019,0
29/11/2019,0
30/11/2019,0
01/12/2019,4.37E-09
02/12/2019,6.42E-09
03/12/2019,6.315E-09
04/12/2019,5.575E-09
05/12/2019,5.144E-09
06/12/2019,3.128E-10
07/12/2019,4.556E-09
08/12/2019,5.523E-09
09/12/2019,0.04685
10/12/2019,0.04758
11/12/2019,0.06555
12/12/2019,0.005919
13/12/2019,0.0004575
14/12/2019,0.06211
15/12/2019,0.06668
16/12/2019,0.005752
17/12/2019,0.0002884
18/12/2019,1.597E-05
19/12/2019,9.718E-07
20/12/2019,7.292E-08
21/12/2019,1.223E-08
22/12/2019,8.2E-09
23/12/2019,4.012E-10
24/12/2019,1.721E-11
25/12/2019,7.006E-09
26/12/2019,0.06751
27/12/2019,0.06326
28/12/2019,0.01786
29/12/2019,0.001126
30/12/2019,0.02466
31/12/2019,0.001405
01/01/2020,8.306E-05
02/01/2020,2.221E-05
03/01/2020,2.168E-05
04/01/2020,2.26E-05
05/01/2020,1.802E-05
06/01/2020,1.754E-05
07/01/2020,1.351E-05
08/01/2020,1.021E-05
09/01/2020,8.354E-06
10/01/2020,0.03614
11/01/2020,0.04648
12/01/2020,0.01167
13/01/2020,0.007201
14/01/2020,0.0048
15/01/2020,0.003173
16/01/2020,0.002046
17/01/2020,0.001342
18/01/2020,0.001
19/01/2020,0.0006403
20/01/2020,0.0004061
21/01/2020,0.0003067
22/01/2020,0.0002346
23/01/2020,0.000178
24/01/2020,0.05132
25/01/2020,0.04518
26/01/2020,0.03771
27/01/2020,0.01165
28/01/2020,0.006388
29/01/2020,0.003886
30/01/2020,0.002423
31/01/2020,0.001504
01/02/2020,0.001054
02/02/2020,0.0007562
03/02/2020,0.0004736
04/02/2020,0.0003459
05/02/2020,0.0002573
06/02/2020,0.0001966
07/02/2020,0.000149
08/02/2020,9.533E-05
09/02/2020,6.408E-05
10/02/2020,0.03672
11/02/2020,0.03696
12/02/2020,0.008735
13/02/2020,0.005132
14/02/2020,0.003291
15/02/2020,0.002141
16/02/2020,0.001549
17/02/2020,0.001038
18/02/2020,0.04852
19/02/2020,0.05872
20/02/2020,0.006962
21/02/2020,0.003045
22/02/2020,0.04003
23/02/2020,0.06234
24/02/2020,0.05342
25/02/2020,0.05044
26/02/2020,0.0176
27/02/2020,0.02737
28/02/2020,0.009465
29/02/2020,0.005581
01/03/2020,0.01114
02/03/2020,0.04009
03/03/2020,0.04117
04/03/2020,0.04159
05/03/2020,0.006391
06/03/2020,0.003076
07/03/2020,0.002029
08/03/2020,0.001242
09/03/2020,0.0007492
10/03/2020,0.0005307
11/03/2020,0.0003203
12/03/2020,0.0001887
13/03/2020,0.000137
14/03/2020,8.123E-05
15/03/2020,4.776E-05
16/03/2020,2.764E-05
17/03/2020,1.628E-05
18/03/2020,9.376E-06
19/03/2020,7.654E-06
20/03/2020,6.579E-06
21/03/2020,3.918E-06
22/03/2020,2.299E-06
23/03/2020,2.565E-06
24/03/2020,1.547E-06
25/03/2020,8.811E-07
26/03/2020,5.009E-07
27/03/2020,3.114E-07
28/03/2020,1.172E-06
29/03/2020,1.719E-06
30/03/2020,1.421E-06
31/03/2020,8.103E-07
01/04/2020,4.544E-07
02/04/2020,2.53E-07
03/04/2020,1.116E-06
04/04/2020,6.624E-07
05/04/2020,3.724E-07
06/04/2020,2.096E-07
07/04/2020,1.656E-07
08/04/2020,9.709E-07
09/04/2020,1.532E-06
10/04/2020,9.162E-07
11/04/2020,5.235E-07
12/04/2020,3.031E-07
13/04/2020,1.053E-06
14/04/2020,6.66E-07
15/04/2020,3.986E-07
16/04/2020,5.593E-07
17/04/2020,9.445E-07
18/04/2020,6.005E-07
19/04/2020,5.918E-07
20/04/2020,3.678E-07
21/04/2020,2.334E-07
22/04/2020,1.387E-07
23/04/2020,9.329E-07
24/04/2020,1.725E-06
25/04/2020,1.125E-06
26/04/2020,1.848E-06
27/04/2020,1.238E-06
28/04/2020,7.806E-07
29/04/2020,1.061E-06
30/04/2020,0.03178
01/05/2020,0.03116
02/05/2020,0.007641
03/05/2020,0.004217
04/05/2020,0.00277
05/05/2020,0.001647
06/05/2020,0.001036
07/05/2020,0.0006464
08/05/2020,0.0004069
09/05/2020,0.0002582
10/05/2020,0.0001627
11/05/2020,0.0001235
12/05/2020,7.895E-05
13/05/2020,5.068E-05
14/05/2020,3.976E-05
15/05/2020,3.293E-05
16/05/2020,2.112E-05
17/05/2020,1.699E-05
18/05/2020,1.413E-05
19/05/2020,9.069E-06
20/05/2020,5.801E-06
21/05/2020,3.707E-06
22/05/2020,2.38E-06
23/05/2020,2.515E-06
24/05/2020,1.66E-06
25/05/2020,1.062E-06
26/05/2020,6.849E-07
27/05/2020,4.461E-07
28/05/2020,2.922E-07
29/05/2020,9.141E-07
30/05/2020,6.198E-07
31/05/2020,4.146E-07
01/06/2020,2.676E-07
02/06/2020,1.803E-07
03/06/2020,8.626E-07
04/06/2020,6.068E-07
05/06/2020,4.079E-07
06/06/2020,2.686E-07
07/06/2020,1.801E-07
08/06/2020,1.23E-07
09/06/2020,8.457E-08
10/06/2020,5.93E-08
11/06/2020,1.572E-09
12/06/2020,4.193E-11
13/06/2020,1.122E-12
14/06/2020,3.008E-14
15/06/2020,8.08E-16
16/06/2020,4.425E-09
17/06/2020,4.935E-09
18/06/2020,3.421E-09
19/06/2020,2.044E-10
20/06/2020,1.085E-11
21/06/2020,5.124E-13
22/06/2020,4.877E-07
23/06/2020,1.431E-06
24/06/2020,1.017E-06
25/06/2020,6.679E-07
26/06/2020,4.851E-07
27/06/2020,1.456E-06
28/06/2020,1.08E-06
29/06/2020,5.453E-07
30/06/2020,4.099E-07
01/07/2020,3.171E-07
02/07/2020,2.483E-07
03/07/2020,1.953E-07
04/07/2020,1.55E-07
05/07/2020,1.236E-07
06/07/2020,9.902E-08
07/07/2020,8E-08
08/07/2020,5.629E-07
09/07/2020,4.493E-07
10/07/2020,3.605E-07
11/07/2020,0.006642
12/07/2020,0.004144
13/07/2020,0.0002064
14/07/2020,1.306E-05
15/07/2020,1.566E-06
16/07/2020,1.413E-06
17/07/2020,7.397E-07
18/07/2020,5.994E-07
19/07/2020,1.167E-06
20/07/2020,9.163E-07
21/07/2020,3.553E-07
22/07/2020,1.284E-06
23/07/2020,9.87E-07
24/07/2020,8.236E-07
25/07/2020,7.101E-07
26/07/2020,6.111E-07
27/07/2020,5.29E-07
28/07/2020,9.55E-07
29/07/2020,1.423E-06
30/07/2020,1.256E-06
31/07/2020,1.102E-06
01/08/2020,9.612E-07
02/08/2020,0
03/08/2020,0
04/08/2020,4.243E-09
05/08/2020,1.506E-09
06/08/2020,1.118E-09
07/08/2020,1.054E-09
08/08/2020,8.497E-11
09/08/2020,0
10/08/2020,0
11/08/2020,0
12/08/2020,0
13/08/2020,0
14/08/2020,0
15/08/2020,0
16/08/2020,1.972E-09
17/08/2020,0
18/08/2020,0
19/08/2020,0
20/08/2020,0
21/08/2020,0
22/08/2020,0
23/08/2020,0
24/08/2020,0
25/08/2020,7.55E-09
26/08/2020,0
27/08/2020,4.754E-09
28/08/2020,0
29/08/2020,0
30/08/2020,0
31/08/2020,0
01/09/2020,0
02/09/2020,2.704E-09
03/09/2020,0
04/09/2020,0
05/09/2020,0
06/09/2020,0
07/09/2020,4.096E-09
08/09/2020,0
09/09/2020,0
10/09/2020,0
11/09/2020,0
12/09/2020,0
13/09/2020,5.741E-09
14/09/2020,0
15/09/2020,0
16/09/2020,0
17/09/2020,0
18/09/2020,0
19/09/2020,0
20/09/2020,0
21/09/2020,0
22/09/2020,0
23/09/2020,0
24/09/2020,0
25/09/2020,0
26/09/2020,0
27/09/2020,0
28/09/2020,0
29/09/2020,1.066E-08
30/09/2020,0.03651
01/10/2020,0.03109
02/10/2020,0
03/10/2020,0
04/10/2020,0
05/10/2020,0
06/10/2020,0
07/10/2020,4.027E-09
08/10/2020,0
09/10/2020,0
10/10/2020,0
11/10/2020,0
12/10/2020,0
13/10/2020,0
14/10/2020,0
15/10/2020,0
16/10/2020,1.644E-08
17/10/2020,1.365E-10
18/10/2020,9.255E-11
19/10/2020,3.013E-09
20/10/2020,2.812E-09
21/10/2020,0.01134
22/10/2020,0.0007046
23/10/2020,4.795E-05
24/10/2020,3.847E-06
25/10/2020,3.869E-07
26/10/2020,0
27/10/2020,1.016E-08
28/10/2020,1.328E-08
29/10/2020,1.182E-09
30/10/2020,3.274E-09
31/10/2020,5.587E-09
01/11/2020,7.52E-09
02/11/2020,0
03/11/2020,0
04/11/2020,0
05/11/2020,0
06/11/2020,0
07/11/2020,0
08/11/2020,0
09/11/2020,0
10/11/2020,0
11/11/2020,1.869E-08
12/11/2020,6.068E-11
13/11/2020,3.731E-11
14/11/2020,3.175E-11
15/11/2020,3.528E-08
16/11/2020,5.977E-11
17/11/2020,2.544E-11
18/11/2020,2.312E-11
19/11/2020,2.13E-11
20/11/2020,1.982E-11
21/11/2020,1.859E-11
22/11/2020,0
23/11/2020,0
24/11/2020,0
25/11/2020,4.341E-09
26/11/2020,3.824E-09
27/11/2020,0
28/11/2020,0
29/11/2020,0
30/11/2020,0
01/12/2020,0
02/12/2020,4.303E-09
03/12/2020,6.309E-09
04/12/2020,1.023E-08
05/12/2020,1.402E-08
06/12/2020,0
07/12/2020,0
08/12/2020,0
09/12/2020,0
10/12/2020,0
11/12/2020,0
12/12/2020,0
13/12/2020,0
14/12/2020,0
15/12/2020,0
16/12/2020,0
17/12/2020,0
18/12/2020,3.005E-11
19/12/2020,0
20/12/2020,0.04554
21/12/2020,0.04601
22/12/2020,0.05932
23/12/2020,0.004989
24/12/2020,0.01137
25/12/2020,0.01062
26/12/2020,0.0005037
27/12/2020,2.927E-05
28/12/2020,0.05305
29/12/2020,0.06595
30/12/2020,0.05609
31/12/2020,0.04569
01/01/2021,0.07527
02/01/2021,0.08755
03/01/2021,0.03934
04/01/2021,0.02003
05/01/2021,0.005438
06/01/2021,0.003866
07/01/2021,0.003136
08/01/2021,0.002453
09/01/2021,0.001896
10/01/2021,0.001423
11/01/2021,0.001076
12/01/2021,0.0008413
13/01/2021,0.04145
14/01/2021,0.05627
15/01/2021,0.01623
16/01/2021,0.008547
17/01/2021,0.005336
18/01/2021,0.003739
19/01/2021,0.002412
20/01/2021,0.001595
21/01/2021,0.001109
22/01/2021,0.0006823
23/01/2021,0.0004359
24/01/2021,0.0002786
25/01/2021,0.0001741
26/01/2021,0.0001312
27/01/2021,9.356E-05
28/01/2021,5.844E-05
29/01/2021,3.858E-05
30/01/2021,2.491E-05
31/01/2021,1.679E-05
01/02/2021,1.267E-05
02/02/2021,1.091E-05
03/02/2021,7.712E-06
04/02/2021,5.093E-06
05/02/2021,0.03755
06/02/2021,0.04474
07/02/2021,0.007965
08/02/2021,0.003997
09/02/2021,0.002547
10/02/2021,0.001641
11/02/2021,0.001069
12/02/2021,0.0008926
13/02/2021,0.0003827
14/02/2021,0.000256
15/02/2021,0.0002162
16/02/2021,0.000189
17/02/2021,0.0001181
18/02/2021,8.95E-05
19/02/2021,6.076E-05
20/02/2021,4.111E-05
21/02/2021,3.439E-05
22/02/2021,2.472E-05
23/02/2021,0.03863
24/02/2021,0.0455
25/02/2021,0.0663
26/02/2021,0.008472
27/02/2021,0.01058
28/02/2021,0.006183
01/03/2021,0.001749
02/03/2021,0.001109
03/03/2021,0.001041
04/03/2021,0.0006028
05/03/2021,0.0004317
06/03/2021,0.0003188
07/03/2021,0.0002368
08/03/2021,0.0001785
09/03/2021,0.000133
10/03/2021,0.0001005
11/03/2021,8.469E-05
12/03/2021,6.497E-05
13/03/2021,4.919E-05
14/03/2021,3.744E-05
15/03/2021,2.854E-05
16/03/2021,2.153E-05
17/03/2021,1.614E-05
18/03/2021,1.491E-05
19/03/2021,1.127E-05
20/03/2021,8.697E-06
21/03/2021,6.62E-06
22/03/2021,5.016E-06
23/03/2021,3.811E-06
24/03/2021,4.25E-06
25/03/2021,3.262E-06
26/03/2021,3.843E-06
27/03/2021,2.92E-06
28/03/2021,3.726E-06
29/03/2021,2.814E-06
30/03/2021,2.147E-06
31/03/2021,3.025E-06
01/04/2021,2.435E-06
02/04/2021,1.32E-06
03/04/2021,1.445E-06
04/04/2021,1.177E-06
05/04/2021,8.894E-07
06/04/2021,6.877E-07
07/04/2021,5.27E-07
08/04/2021,3.43E-07
09/04/2021,9.882E-07
10/04/2021,7.89E-07
11/04/2021,2.145E-06
12/04/2021,1.613E-06
13/04/2021,9.189E-07
14/04/2021,9.46E-07
15/04/2021,2.268E-06
16/04/2021,2.273E-06
17/04/2021,1.822E-06
18/04/2021,1.452E-06
19/04/2021,1.105E-06
20/04/2021,6.299E-07
21/04/2021,8.3E-07
22/04/2021,7.026E-07
23/04/2021,4.871E-07
24/04/2021,2.374E-07
25/04/2021,3.477E-07
26/04/2021,2.492E-07
27/04/2021,2.029E-07
28/04/2021,7.282E-07
29/04/2021,0.0001305
30/04/2021,0.0004017
01/05/2021,4.644E-05
02/05/2021,5.085E-06
03/05/2021,1.859E-06
04/05/2021,1.321E-06
05/05/2021,1.865E-06
06/05/2021,1.65E-06
07/05/2021,1.444E-06
08/05/2021,1.264E-06
09/05/2021,1.91E-06
10/05/2021,1.727E-06
11/05/2021,1.512E-06
12/05/2021,1.336E-06
13/05/2021,6.323E-08
14/05/2021,2.958E-09
15/05/2021,1.377E-10
16/05/2021,6.497E-12
17/05/2021,3.013E-13
18/05/2021,1.377E-14
19/05/2021,6.224E-16
20/05/2021,2.788E-17
21/05/2021,1.237E-18
22/05/2021,5.756E-20
23/05/2021,2.67E-21
24/05/2021,0
25/05/2021,0
26/05/2021,0
27/05/2021,0
28/05/2021,9.115E-09
29/05/2021,2.165E-09
30/05/2021,1.274E-09
31/05/2021,1.161E-09
01/06/2021,1.077E-09
02/06/2021,7.805E-11
03/06/2021,3.412E-09
04/06/2021,0
05/06/2021,0
06/06/2021,0
07/06/2021,0
08/06/2021,2.108E-09
09/06/2021,0
10/06/2021,0
11/06/2021,0
12/06/2021,0
13/06/2021,0
14/06/2021,0
15/06/2021,0
16/06/2021,0
17/06/2021,0
18/06/2021,0
19/06/2021,7.73E-09
20/06/2021,0
21/06/2021,1.568E-08
22/06/2021,5.248E-09
23/06/2021,0
24/06/2021,0
25/06/2021,0
26/06/2021,0
27/06/2021,0
28/06/2021,0
29/06/2021,3.972E-09
30/06/2021,0
01/07/2021,0.0006526
02/07/2021,0.001226
03/07/2021,0.0008712
04/07/2021,6.195E-05
05/07/2021,6.198E-06
06/07/2021,1.178E-06
07/07/2021,3.286E-07
08/07/2021,1.981E-07
09/07/2021,2.609E-08
10/07/2021,7.786E-09
11/07/2021,0.000104
12/07/2021,0.0004407
13/07/2021,8.216E-05
14/07/2021,0.0003078
15/07/2021,3.231E-05
16/07/2021,3.687E-06
17/07/2021,0.04359
18/07/2021,0.01378
19/07/2021,0.000831
20/07/2021,4.029E-05
21/07/2021,2.558E-06
22/07/2021,1.61E-07
23/07/2021,1.663E-08
24/07/2021,5.478E-09
25/07/2021,4.647E-09
26/07/2021,0
27/07/2021,0
28/07/2021,0
29/07/2021,3.473E-09
30/07/2021,0
31/07/2021,0
01/08/2021,4.15E-09
02/08/2021,0
03/08/2021,0
04/08/2021,0
05/08/2021,0
06/08/2021,0
07/08/2021,0
08/08/2021,0
09/08/2021,0
10/08/2021,0
11/08/2021,0
12/08/2021,0
13/08/2021,0
14/08/2021,0
15/08/2021,0
16/08/2021,0
17/08/2021,2.693E-09
18/08/2021,0.005694
19/08/2021,0.000352
20/08/2021,0.0008622
21/08/2021,6.623E-05
22/08/2021,6.609E-06
23/08/2021,7.621E-07
24/08/2021,1.144E-07
25/08/2021,0
26/08/2021,0
27/08/2021,0
28/08/2021,0
29/08/2021,0
30/08/2021,2.743E-09
31/08/2021,0
01/09/2021,0
02/09/2021,0
03/09/2021,0
04/09/2021,0
05/09/2021,4.829E-09
06/09/2021,0
07/09/2021,0
08/09/2021,0
09/09/2021,0
10/09/2021,0
11/09/2021,0
12/09/2021,0
13/09/2021,7.284E-09
14/09/2021,1.686E-08
15/09/2021,0.001091
16/09/2021,9.725E-05
17/09/2021,9.091E-06
18/09/2021,0
19/09/2021,0
20/09/2021,0
21/09/2021,0
22/09/2021,5.511E-09
23/09/2021,0.05658
24/09/2021,0.03148
25/09/2021,0.002137
26/09/2021,0.0001292
27/09/2021,1.097E-05
28/09/2021,1.026E-06
29/09/2021,0
30/09/2021,0
01/10/2021,0
02/10/2021,0
03/10/2021,1.756E-08
04/10/2021,0.06715
05/10/2021,0.006052
06/10/2021,0.0003497
07/10/2021,2.294E-05
08/10/2021,1.697E-06
09/10/2021,1.37E-07
10/10/2021,1.283E-08
11/10/2021,6.033E-10
12/10/2021,2.719E-11
13/10/2021,1.201E-12
14/10/2021,5.269E-14
15/10/2021,5.127E-07
16/10/2021,0.01083
17/10/2021,0.0007188
18/10/2021,4.658E-05
19/10/2021,3.959E-06
20/10/2021,7.304E-07
21/10/2021,1.456E-06
22/10/2021,2.276E-06
23/10/2021,1.606E-06
24/10/2021,2.164E-06
25/10/2021,3.34E-06
26/10/2021,0.1297
27/10/2021,0.06958
28/10/2021,0.006242
29/10/2021,0.1051
30/10/2021,0.05018
31/10/2021,0.003983
01/11/2021,0.00148
02/11/2021,0.0009658
03/11/2021,0.001273
04/11/2021,0.0004661
05/11/2021,0.000276
06/11/2021,0.0001756
07/11/2021,0.0001107
08/11/2021,6.944E-05
09/11/2021,4.332E-05
10/11/2021,3.26E-05
11/11/2021,2.558E-05
12/11/2021,2.11E-05
13/11/2021,1.295E-05
14/11/2021,1.071E-05
15/11/2021,7.866E-06
16/11/2021,4.815E-06
17/11/2021,4.292E-06
18/11/2021,4.096E-06
19/11/2021,2.577E-06
20/11/2021,1.638E-06
21/11/2021,2.13E-06
22/11/2021,1.378E-06
23/11/2021,9.804E-07
24/11/2021,6.335E-07
25/11/2021,1.373E-06
26/11/2021,1.012E-06
27/11/2021,8.582E-07
28/11/2021,1.697E-06
29/11/2021,1.238E-06
30/11/2021,1.947E-06
01/12/2021,1.379E-06
02/12/2021,1.94E-06
03/12/2021,1.638E-06
04/12/2021,1.052E-06
05/12/2021,7.199E-07
06/12/2021,1.511E-06
07/12/2021,1.128E-06
08/12/2021,0.000112
09/12/2021,1.109E-05
10/12/2021,2.454E-06
11/12/2021,2.372E-06
12/12/2021,1.494E-06
13/12/2021,9.229E-07
14/12/2021,6.193E-07
15/12/2021,1.425E-06
16/12/2021,1.585E-06
17/12/2021,1.022E-06
18/12/2021,0.04884
19/12/2021,0.00248
20/12/2021,0.0001054
21/12/2021,5.397E-06
22/12/2021,7.342E-07
23/12/2021,5.946E-07
24/12/2021,4.529E-07
25/12/2021,1.295E-06
26/12/2021,9.159E-07
27/12/2021,9.396E-07
28/12/2021,0.007707
29/12/2021,0.0004958
30/12/2021,2.137E-05
31/12/2021,1.775E-06
01/01/2022,0.02811
02/01/2022,0.02508
03/01/2022,0.001077
04/01/2022,5.152E-05
05/01/2022,0.03603
06/01/2022,0.0475
07/01/2022,0.01114
08/01/2022,0.005827
09/01/2022,0.04533
10/01/2022,0.06251
11/01/2022,0.01205
12/01/2022,0.005825
13/01/2022,0.003556
14/01/2022,0.002197
15/01/2022,0.001392
16/01/2022,0.0009298
17/01/2022,0.0006636
18/01/2022,0.0004405
19/01/2022,0.03987
20/01/2022,0.06488
21/01/2022,0.0127
22/01/2022,0.005599
23/01/2022,0.003566
24/01/2022,0.002314
25/01/2022,0.001636
26/01/2022,0.001107
27/01/2022,0.000781
28/01/2022,0.0005848
29/01/2022,0.0003323
30/01/2022,0.0002392
31/01/2022,0.0001712
01/02/2022,0.0001223
02/02/2022,0.04978
03/02/2022,0.06071
04/02/2022,0.05504
05/02/2022,0.01888
06/02/2022,0.01169
07/02/2022,0.06983
08/02/2022,0.05634
09/02/2022,0.0715
10/02/2022,0.04196
11/02/2022,0.07077
12/02/2022,0.02045
13/02/2022,0.009497
14/02/2022,0.006982
15/02/2022,0.005283
16/02/2022,0.02551
17/02/2022,0.0571
18/02/2022,0.06433
19/02/2022,0.006232
20/02/2022,0.06071
21/02/2022,0.03962
22/02/2022,0.08737
23/02/2022,0.06949
24/02/2022,0.03947
25/02/2022,0.0109
26/02/2022,0.007516
27/02/2022,0.005964
28/02/2022,0.004726
01/03/2022,0.05865
02/03/2022,0.05781
03/03/2022,0.02027
04/03/2022,0.01034
05/03/2022,0.007971
06/03/2022,0.01651
07/03/2022,0.08581
08/03/2022,0.0667
09/03/2022,0.008928
10/03/2022,0.006006
11/03/2022,0.003042
12/03/2022,0.002046
13/03/2022,0.001312
14/03/2022,0.0008289
15/03/2022,0.0005265
16/03/2022,0.0003183
17/03/2022,0.0001882
18/03/2022,0.0001096
19/03/2022,0.06683
20/03/2022,0.003223
21/03/2022,0.0001525
22/03/2022,2.065E-05
23/03/2022,1.208E-05
24/03/2022,9.32E-06
25/03/2022,5.729E-06
26/03/2022,3.152E-06
27/03/2022,2.026E-06
28/03/2022,1.537E-06
29/03/2022,1.018E-06
30/03/2022,8.6E-07
31/03/2022,1.325E-06
01/04/2022,7.657E-07
02/04/2022,4.129E-07
03/04/2022,6.111E-07
04/04/2022,3.442E-07
05/04/2022,1.849E-07
06/04/2022,3.497E-09
07/04/2022,8.575E-07
08/04/2022,4.933E-07
09/04/2022,2.661E-07
10/04/2022,1.723E-07
11/04/2022,4.69E-07
12/04/2022,1.122E-06
13/04/2022,1.534E-06
14/04/2022,8.659E-07
15/04/2022,8.356E-07
16/04/2022,1.499E-06
17/04/2022,8.587E-07
18/04/2022,1.55E-06
19/04/2022,9.615E-07
20/04/2022,5.331E-07
21/04/2022,4.333E-07
22/04/2022,2.458E-07
23/04/2022,1.412E-07
24/04/2022,3.035E-09
25/04/2022,6.583E-11
26/04/2022,0.007093
27/04/2022,0.0003748
28/04/2022,0.0001387
29/04/2022,1.165E-05
30/04/2022,9.417E-07
01/05/2022,3.104E-07
02/05/2022,1.469E-07
03/05/2022,7.343E-07
04/05/2022,1.358E-06
05/05/2022,7.59E-07
06/05/2022,5.057E-07
07/05/2022,2.97E-07
08/05/2022,1.745E-07
09/05/2022,1.062E-07
10/05/2022,2.66E-09
11/05/2022,6.693E-11
12/05/2022,1.692E-12
13/05/2022,4.297E-14
14/05/2022,1.097E-15
15/05/2022,2.813E-17
16/05/2022,6.598E-07
17/05/2022,4.195E-07
18/05/2022,2.745E-07
19/05/2022,8.935E-07
20/05/2022,5.896E-07
21/05/2022,2.673E-07
22/05/2022,9.81E-07
23/05/2022,7.581E-07
24/05/2022,4.544E-07
25/05/2022,3.06E-07
26/05/2022,2.166E-07
27/05/2022,7.811E-07
28/05/2022,5.577E-07
29/05/2022,3.955E-07
30/05/2022,2.857E-07
31/05/2022,2.097E-07
01/06/2022,7.146E-07
02/06/2022,5.382E-07
03/06/2022,3.97E-07
04/06/2022,2.968E-07
05/06/2022,2.236E-07
06/06/2022,1.706E-07
07/06/2022,8.045E-07
08/06/2022,6.059E-07
09/06/2022,4.542E-05
10/06/2022,6.506E-06
11/06/2022,3.05E-06
12/06/2022,2.342E-06
13/06/2022,1.74E-06
14/06/2022,1.323E-06
15/06/2022,1.029E-06
16/06/2022,1.491E-06
17/06/2022,1.138E-06
18/06/2022,9.035E-07
19/06/2022,7.238E-07
20/06/2022,5.861E-07
21/06/2022,4.785E-07
22/06/2022,3.934E-07
23/06/2022,3.256E-07
24/06/2022,2.709E-07
25/06/2022,2.27E-07
26/06/2022,1.907E-07
27/06/2022,1.612E-07
28/06/2022,1.367E-07
29/06/2022,3.346E-09
30/06/2022,1.328E-09
01/07/2022,3.415E-07
02/07/2022,7.946E-07
03/07/2022,1.885E-07
04/07/2022,8.073E-08
05/07/2022,5.38E-07
06/07/2022,1.272E-06
07/07/2022,1.477E-07
08/07/2022,1.521E-08
09/07/2022,1.218E-09
10/07/2022,0
11/07/2022,0
12/07/2022,0
13/07/2022,0
14/07/2022,0
15/07/2022,0
16/07/2022,0
17/07/2022,0
18/07/2022,8.838E-09
19/07/2022,0
20/07/2022,0
21/07/2022,0
22/07/2022,0
23/07/2022,0
24/07/2022,0
25/07/2022,6.93E-09
26/07/2022,0
27/07/2022,0
28/07/2022,0
29/07/2022,0
30/07/2022,0
31/07/2022,0
01/08/2022,0
02/08/2022,0
03/08/2022,0
04/08/2022,0
05/08/2022,3.186E-09
06/08/2022,0
07/08/2022,0
08/08/2022,0
09/08/2022,0
10/08/2022,0
11/08/2022,0
12/08/2022,0
13/08/2022,0
14/08/2022,0
15/08/2022,0
16/08/2022,1.498E-08
17/08/2022,0
18/08/2022,0
19/08/2022,0
20/08/2022,0
21/08/2022,0
22/08/2022,6.474E-09
23/08/2022,0
24/08/2022,0
25/08/2022,0
26/08/2022,0
27/08/2022,0
28/08/2022,0
29/08/2022,0
30/08/2022,6.808E-09
31/08/2022,0
01/09/2022,0
02/09/2022,0
03/09/2022,0
04/09/2022,0
05/09/2022,6.398E-09
06/09/2022,3.958E-09
07/09/2022,0
08/09/2022,0
09/09/2022,0
10/09/2022,0
11/09/2022,5.695E-09
12/09/2022,0
13/09/2022,2.161E-09
14/09/2022,0
15/09/2022,0
16/09/2022,0
17/09/2022,0
18/09/2022,0
19/09/2022,0.000163
20/09/2022,0
21/09/2022,0
22/09/2022,2.068E-09
23/09/2022,0
24/09/2022,0
25/09/2022,0
26/09/2022,0
27/09/2022,0
28/09/2022,0
29/09/2022,0
30/09/2022,0
01/10/2022,0
02/10/2022,0
03/10/2022,0
04/10/2022,0
05/10/2022,0
06/10/2022,0
07/10/2022,0
08/10/2022,0
09/10/2022,0
10/10/2022,0
11/10/2022,0
12/10/2022,0
13/10/2022,3.656E-09
14/10/2022,0
15/10/2022,0
16/10/2022,0
17/10/2022,2.85E-09
18/10/2022,0
19/10/2022,0
20/10/2022,0
21/10/2022,0
22/10/2022,0
23/10/2022,0
24/10/2022,0
25/10/2022,0
26/10/2022,0
27/10/2022,0
28/10/2022,0
29/10/2022,0
30/10/2022,0
31/10/2022,0
01/11/2022,0
02/11/2022,0
03/11/2022,0
04/11/2022,0
05/11/2022,0
06/11/2022,0
07/11/2022,0
08/11/2022,0
09/11/2022,0
10/11/2022,0
11/11/2022,0.03235
12/11/2022,0.04213
13/11/2022,0.05047
14/11/2022,0.002526
15/11/2022,0.001046
16/11/2022,0
17/11/2022,0
18/11/2022,0
19/11/2022,0
20/11/2022,0
21/11/2022,0
22/11/2022,0
23/11/2022,0
24/11/2022,0
25/11/2022,0
26/11/2022,0
27/11/2022,4.34E-09
28/11/2022,0
29/11/2022,0
30/11/2022,3.152E-09
01/12/2022,0
02/12/2022,0
03/12/2022,3.031E-09
04/12/2022,0
05/12/2022,0
06/12/2022,0
07/12/2022,0
08/12/2022,0
09/12/2022,0
10/12/2022,0
11/12/2022,0
12/12/2022,0
13/12/2022,0
14/12/2022,0
15/12/2022,1.78E-07
16/12/2022,0.03762
17/12/2022,0.04722
18/12/2022,0.002544
19/12/2022,2.248E-06
20/12/2022,0
21/12/2022,0
22/12/2022,0.04106
23/12/2022,0.07103
24/12/2022,0.004058
25/12/2022,1.448E-05
26/12/2022,1.238E-05
27/12/2022,0
28/12/2022,0.04508
29/12/2022,0.07713
30/12/2022,0.04648
31/12/2022,0.06868
